pardavimo_data;nupirkimo_data;prekes_id;kliento_id;parduotuves_id;Parduotas_kiekis
1999-01-01;1998-12-25;4;2439;10;3
1999-01-01;1998-12-28;11;4284;10;3
1999-01-01;1998-12-28;12;534;10;3
1999-01-01;1998-12-29;14;9743;10;2
1999-01-01;1998-12-27;16;3608;10;3
1999-01-01;1998-12-27;23;1550;10;3
1999-01-01;1998-12-28;46;1425;10;3
1999-01-01;1998-12-29;50;1325;10;4
1999-01-01;1998-12-30;56;3761;10;4
1999-01-01;1998-12-31;59;1013;10;3
1999-01-01;1998-12-26;61;1325;10;5
1999-01-01;1998-12-26;61;1641;10;3
1999-01-01;1998-12-31;75;5981;10;2
1999-01-01;1998-12-26;89;3608;10;3
1999-01-01;1998-12-31;90;8534;10;2
1999-01-01;1998-12-29;112;1425;10;4
1999-01-01;1998-12-26;115;1013;10;2
1999-01-01;1998-12-30;119;1013;10;3
1999-01-01;1998-12-31;120;9743;10;2
1999-01-01;1998-12-31;126;7279;10;3
1999-01-01;1998-12-26;127;1325;10;5
1999-01-01;1998-12-28;130;9634;10;2
1999-01-01;1998-12-26;139;6812;10;2
1999-01-01;1998-12-28;159;1425;10;2
1999-01-01;1998-12-25;163;7279;10;4
1999-01-01;1998-12-26;165;5981;10;4
1999-01-01;1998-12-30;166;534;10;2
1999-01-01;1998-12-25;180;5223;10;3
1999-01-01;1998-12-29;182;5605;10;4
1999-01-01;1998-12-29;201;5318;10;3
1999-01-01;1998-12-28;204;9743;10;4
1999-01-01;1998-12-25;212;534;10;4
1999-01-01;1998-12-29;225;1013;10;4
1999-01-01;1998-12-27;228;8534;10;4
1999-01-01;1998-12-25;231;5981;10;2
1999-01-01;1998-12-28;236;7279;10;3
1999-01-01;1998-12-25;240;9634;10;3
1999-01-01;1998-12-25;246;1425;10;2
1999-01-01;1998-12-25;246;5223;10;2
1999-01-01;1998-12-28;248;9316;10;3
1999-01-01;1998-12-27;249;8228;10;4
1999-01-01;1998-12-27;249;1425;10;3
1999-01-01;1998-12-26;252;9191;10;3
1999-01-01;1998-12-30;267;1325;10;4
1999-01-01;1998-12-29;308;1013;10;4
1999-01-01;1998-12-26;320;2439;10;2
1999-01-01;1998-12-27;322;534;10;3
1999-01-01;1998-12-29;323;9634;10;3
1999-01-01;1998-12-30;328;5318;10;2
1999-01-01;1998-12-29;330;9191;10;3
1999-01-01;1998-12-30;332;3608;10;4
1999-01-01;1998-12-29;342;2229;10;3
1999-01-01;1998-12-26;365;9316;10;2
1999-01-01;1998-12-25;371;6159;10;4
1999-01-01;1998-12-25;371;9191;10;2
1999-01-01;1998-12-31;375;7376;10;2
1999-01-01;1998-12-30;377;4284;10;5
1999-01-01;1998-12-29;386;4235;10;4
1999-01-01;1998-12-30;391;2439;10;2
1999-01-01;1998-12-31;392;4235;10;3
1999-01-01;1998-12-25;402;3761;10;3
1999-01-01;1998-12-26;403;2229;10;3
1999-01-01;1998-12-25;404;7158;10;4
1999-01-01;1998-12-26;405;534;10;3
1999-01-01;1998-12-26;416;1325;10;4
1999-01-01;1998-12-26;424;9743;10;3
1999-01-01;1998-12-27;432;3761;10;4
1999-01-01;1998-12-28;434;5318;10;3
1999-01-01;1998-12-25;436;9316;10;2
1999-01-01;1998-12-28;438;5318;10;4
1999-01-01;1998-12-29;443;4284;10;2
1999-01-01;1998-12-27;445;5053;10;4
1999-01-01;1998-12-25;449;9037;10;4
1999-01-01;1998-12-30;455;9037;10;4
1999-01-01;1998-12-26;461;8534;10;3
1999-01-01;1998-12-30;465;7158;10;4
1999-01-01;1998-12-31;491;2481;10;3
1999-01-01;1998-12-26;502;3761;10;3
1999-01-01;1998-12-30;509;2229;10;4
1999-01-01;1998-12-29;521;9191;10;3
1999-01-01;1998-12-30;556;4284;10;2
1999-01-01;1998-12-26;561;1425;10;2
1999-01-01;1998-12-28;571;7158;10;4
1999-01-01;1998-12-29;575;4235;10;2
1999-01-01;1998-12-31;576;1325;10;3
1999-01-01;1998-12-25;581;7158;10;3
1999-01-01;1998-12-30;582;6812;10;3
1999-01-01;1998-12-26;592;2229;10;3
1999-01-01;1998-12-27;594;6159;10;4
1999-01-01;1998-12-29;596;4235;10;3
1999-01-01;1998-12-31;598;9316;10;2
1999-01-01;1998-12-28;599;5605;10;2
1999-01-01;1998-12-30;612;7376;10;3
1999-01-01;1998-12-30;645;7376;10;3
1999-01-01;1998-12-27;652;4235;10;4
1999-01-01;1998-12-27;662;7376;10;3
1999-01-01;1998-12-25;665;1425;10;3
1999-01-01;1998-12-26;682;8228;10;4
1999-01-01;1998-12-25;683;8534;10;4
1999-01-01;1998-12-29;693;8534;10;3
1999-01-01;1998-12-29;703;9743;10;3
1999-01-01;1998-12-28;735;8228;10;2
1999-01-01;1998-12-27;758;5981;10;4
1999-01-01;1998-12-28;761;7376;10;2
1999-01-01;1998-12-25;773;9191;10;4
1999-01-01;1998-12-31;778;9191;10;3
1999-01-01;1998-12-29;802;9316;10;2
1999-01-01;1998-12-25;803;2481;10;3
1999-01-01;1998-12-26;807;1013;10;3
1999-01-01;1998-12-29;811;6812;10;2
1999-01-01;1998-12-30;814;7158;10;4
1999-01-01;1998-12-25;838;5605;10;3
1999-01-01;1998-12-31;852;4235;10;4
1999-01-01;1998-12-30;855;6812;10;3
1999-01-01;1998-12-29;863;2439;10;4
1999-01-01;1998-12-25;868;9316;10;3
1999-01-01;1998-12-25;873;9743;10;4
1999-01-01;1998-12-26;877;2862;10;3
1999-01-01;1998-12-28;882;3608;10;3
1999-01-01;1998-12-26;892;8228;10;3
1999-01-01;1998-12-27;895;4235;10;4
1999-01-01;1998-12-25;898;8228;10;3
1999-01-01;1998-12-25;906;5223;10;3
1999-01-01;1998-12-27;909;8166;10;2
1999-01-01;1998-12-30;910;7158;10;4
1999-01-01;1998-12-31;921;534;10;2
1999-01-01;1998-12-25;932;8166;10;3
1999-01-01;1998-12-31;936;9743;10;3
1999-01-01;1998-12-25;941;4235;10;3
1999-01-01;1998-12-26;945;4235;10;3
1999-01-01;1998-12-29;965;3608;10;4
1999-01-01;1998-12-29;984;7376;10;3
1999-01-01;1998-12-30;1000;8534;10;3
1999-01-01;1998-12-27;1006;2439;10;4
1999-01-01;1998-12-27;1028;5223;10;2
1999-01-01;1998-12-30;1029;9191;10;2
1999-01-01;1998-12-26;1035;5223;10;3
1999-01-01;1998-12-30;1039;3761;10;4
1999-01-01;1998-12-27;1045;4235;10;2
1999-01-01;1998-12-25;1046;9191;10;4
1999-01-01;1998-12-27;1052;7279;10;3
1999-01-01;1998-12-26;1056;2481;10;4
1999-01-01;1998-12-27;1058;5605;10;2
1999-01-01;1998-12-25;1063;1550;10;4
1999-01-01;1998-12-28;1070;8534;10;2
1999-01-01;1998-12-30;1071;3608;10;3
1999-01-01;1998-12-28;1078;9316;10;3
1999-01-01;1998-12-27;1081;2862;10;3
1999-01-01;1998-12-28;1085;9316;10;4
1999-01-01;1998-12-25;1086;8534;10;3
1999-01-01;1998-12-29;1091;2229;10;4
1999-01-01;1998-12-29;1107;9316;10;3
1999-01-01;1998-12-30;1148;5605;10;3
1999-01-01;1998-12-29;1162;1425;10;3
1999-01-01;1998-12-28;1170;5318;10;3
1999-01-01;1998-12-27;1174;5981;10;3
1999-01-01;1998-12-29;1176;2862;10;2
1999-01-01;1998-12-30;1181;5053;10;4
1999-01-01;1998-12-30;1188;6812;10;2
1999-01-01;1998-12-31;1189;5223;10;3
1999-01-01;1998-12-26;1205;9634;10;2
1999-01-01;1998-12-31;1210;2862;10;4
1999-01-01;1998-12-26;1215;1641;10;3
1999-01-01;1998-12-30;1225;9037;10;2
1999-01-01;1998-12-29;1226;7158;10;4
1999-01-01;1998-12-29;1226;2862;10;4
1999-01-01;1998-12-27;1228;9634;10;4
1999-01-01;1998-12-31;1232;4284;10;4
1999-01-01;1998-12-30;1239;9316;10;2
1999-01-01;1998-12-30;1253;5318;10;3
1999-01-01;1998-12-26;1267;1550;10;2
1999-01-01;1998-12-25;1269;8534;10;2
1999-01-01;1998-12-29;1273;2481;10;3
1999-01-01;1998-12-25;1287;534;10;2
1999-01-01;1998-12-25;1297;2862;10;3
1999-01-01;1998-12-28;1326;2862;10;3
1999-01-01;1998-12-30;1338;3761;10;3
1999-01-01;1998-12-30;1339;2439;10;2
1999-01-01;1998-12-30;1339;2481;10;2
1999-01-01;1998-12-30;1341;8228;10;4
1999-01-01;1998-12-29;1348;5053;10;2
1999-01-01;1998-12-28;1357;5981;10;3
1999-01-01;1998-12-31;1358;5053;10;2
1999-01-01;1998-12-29;1372;5223;10;2
1999-01-01;1998-12-29;1372;3761;10;2
1999-01-01;1998-12-31;1376;9191;10;3
1999-01-01;1998-12-31;1379;9191;10;3
1999-01-01;1998-12-29;1386;4284;10;2
1999-01-01;1998-12-30;1392;8166;10;3
1999-01-01;1998-12-25;1406;9191;10;3
1999-01-01;1998-12-27;1409;1325;10;4
1999-01-01;1998-12-31;1416;9191;10;3
1999-01-01;1998-12-27;1427;9191;10;3
1999-01-01;1998-12-30;1432;4284;10;2
1999-01-01;1998-12-31;1434;1425;10;4
1999-01-01;1998-12-31;1434;5981;10;4
1999-01-01;1998-12-31;1447;7158;10;4
1999-01-01;1998-12-30;1456;7376;10;4
1999-01-01;1998-12-27;1464;3608;10;4
1999-01-01;1998-12-26;1470;9037;10;3
1999-01-01;1998-12-31;1479;2481;10;3
1999-01-01;1998-12-31;1509;5318;10;2
1999-01-01;1998-12-30;1512;9743;10;3
1999-01-01;1998-12-31;1513;9191;10;3
1999-01-01;1998-12-25;1528;9316;10;3
1999-01-01;1998-12-27;1534;4235;10;2
1999-01-01;1998-12-25;1543;8534;10;4
1999-01-02;1999-01-01;3;5124;4;3
1999-01-02;1998-12-28;5;5124;4;4
1999-01-02;1998-12-28;5;467;13;2
1999-01-02;1998-12-28;6;1125;4;3
1999-01-02;1999-01-01;8;3505;5;2
1999-01-02;1998-12-29;11;1295;4;2
1999-01-02;1998-12-30;14;2646;4;2
1999-01-02;1998-12-27;15;2175;4;4
1999-01-02;1998-12-30;17;7746;4;3
1999-01-02;1999-01-01;18;8367;13;5
1999-01-02;1998-12-27;27;5975;10;4
1999-01-02;1998-12-27;27;1125;4;2
1999-01-02;1998-12-29;29;5909;13;3
1999-01-02;1999-01-01;31;5318;10;4
1999-01-02;1998-12-26;35;6111;4;3
1999-01-02;1998-12-29;38;3186;4;5
1999-01-02;1999-01-01;39;8310;13;2
1999-01-02;1998-12-26;41;9149;4;4
1999-01-02;1999-01-01;42;4423;13;4
1999-01-02;1999-01-01;44;3025;4;4
1999-01-02;1998-12-27;45;767;4;2
1999-01-02;1998-12-27;47;2175;4;5
1999-01-02;1998-12-27;47;7269;13;2
1999-01-02;1998-12-30;50;6352;13;4
1999-01-02;1998-12-26;51;7746;4;3
1999-01-02;1998-12-27;53;8504;13;3
1999-01-02;1998-12-31;54;7446;13;4
1999-01-02;1998-12-31;58;7446;13;3
1999-01-02;1998-12-27;61;4410;13;5
1999-01-02;1998-12-29;64;5318;10;3
1999-01-02;1999-01-01;67;7746;4;3
1999-01-02;1998-12-26;69;1038;4;2
1999-01-02;1998-12-30;71;1295;4;3
1999-01-02;1998-12-30;73;1125;4;4
1999-01-02;1999-01-01;83;6111;4;3
1999-01-02;1998-12-31;86;8504;13;4
1999-01-02;1998-12-31;86;2015;4;3
1999-01-02;1998-12-31;86;9491;13;3
1999-01-02;1998-12-27;89;4932;4;3
1999-01-02;1998-12-27;91;9253;5;1
1999-01-02;1998-12-28;94;1295;4;2
1999-01-02;1998-12-30;98;1550;10;4
1999-01-02;1998-12-26;99;7182;13;3
1999-01-02;1998-12-26;99;2229;10;3
1999-01-02;1999-01-01;103;8504;13;3
1999-01-02;1999-01-01;103;2175;4;3
1999-01-02;1999-01-01;105;7614;10;3
1999-01-02;1999-01-01;107;5230;13;3
1999-01-02;1998-12-28;116;2446;4;3
1999-01-02;1998-12-29;121;497;4;3
1999-01-02;1998-12-30;122;8367;13;3
1999-01-02;1998-12-30;122;7182;13;2
1999-01-02;1998-12-28;124;2175;4;5
1999-01-02;1998-12-28;124;5230;13;2
1999-01-02;1998-12-29;130;7269;13;2
1999-01-02;1998-12-27;132;3762;10;4
1999-01-02;1998-12-28;136;8534;10;2
1999-01-02;1998-12-28;136;7182;13;2
1999-01-02;1998-12-27;139;3025;4;4
1999-01-02;1998-12-31;141;2856;13;4
1999-01-02;1998-12-31;142;1036;13;3
1999-01-02;1998-12-31;142;9863;13;2
1999-01-02;1998-12-27;144;3748;13;3
1999-01-02;1998-12-28;149;2063;10;4
1999-01-02;1998-12-31;150;2446;4;3
1999-01-02;1998-12-31;152;4807;4;3
1999-01-02;1999-01-01;155;4932;4;4
1999-01-02;1998-12-26;161;3186;4;3
1999-01-02;1998-12-26;162;9929;13;2
1999-01-02;1998-12-27;167;3186;4;4
1999-01-02;1998-12-27;167;7746;4;2
1999-01-02;1998-12-26;170;2175;4;3
1999-01-02;1998-12-31;175;2015;4;3
1999-01-02;1999-01-01;176;1036;13;2
1999-01-02;1999-01-01;177;2446;4;3
1999-01-02;1998-12-30;178;9929;13;3
1999-01-02;1998-12-29;186;3423;13;3
1999-01-02;1998-12-29;188;1183;10;4
1999-01-02;1998-12-28;189;5712;4;4
1999-01-02;1998-12-27;190;8564;4;3
1999-01-02;1998-12-26;192;1036;13;3
1999-01-02;1998-12-26;192;8534;10;2
1999-01-02;1998-12-30;194;7746;4;3
1999-01-02;1998-12-31;198;2175;4;5
1999-01-02;1998-12-31;198;545;13;3
1999-01-02;1998-12-28;199;2229;10;4
1999-01-02;1998-12-30;201;4202;4;4
1999-01-02;1998-12-30;201;1550;10;3
1999-01-02;1998-12-30;201;9253;5;1
1999-01-02;1998-12-28;203;8821;10;4
1999-01-02;1998-12-28;203;8504;13;3
1999-01-02;1998-12-30;205;3748;13;3
1999-01-02;1998-12-29;217;2646;4;2
1999-01-02;1998-12-29;222;5329;13;4
1999-01-02;1998-12-31;230;8504;13;4
1999-01-02;1998-12-28;233;6352;13;4
1999-01-02;1998-12-31;238;2327;13;3
1999-01-02;1999-01-01;239;2063;10;3
1999-01-02;1998-12-26;240;1836;10;3
1999-01-02;1998-12-31;245;8364;4;3
1999-01-02;1998-12-30;247;1726;4;4
1999-01-02;1998-12-29;248;5099;4;3
1999-01-02;1998-12-29;248;545;13;3
1999-01-02;1998-12-29;248;1836;10;2
1999-01-02;1998-12-28;249;9929;13;3
1999-01-02;1998-12-30;250;8752;10;4
1999-01-02;1998-12-27;252;8821;10;3
1999-01-02;1999-01-01;255;8405;4;4
1999-01-02;1998-12-26;257;5654;4;2
1999-01-02;1998-12-26;257;6973;5;1
1999-01-02;1998-12-30;263;1836;10;3
1999-01-02;1998-12-30;268;3419;10;2
1999-01-02;1999-01-01;269;5060;13;2
1999-01-02;1998-12-27;271;8367;13;3
1999-01-02;1999-01-01;275;2175;4;3
1999-01-02;1998-12-30;277;5605;10;3
1999-01-02;1998-12-26;279;2015;4;3
1999-01-02;1998-12-28;284;9253;5;1
1999-01-02;1998-12-29;285;545;13;4
1999-01-02;1998-12-28;291;6111;4;3
1999-01-02;1998-12-29;292;1036;13;3
1999-01-02;1998-12-30;293;2446;4;3
1999-01-02;1998-12-28;299;1271;13;3
1999-01-02;1998-12-30;302;8534;10;3
1999-01-02;1999-01-01;305;4571;4;2
1999-01-02;1998-12-27;306;6111;4;4
1999-01-02;1998-12-30;308;9316;10;2
1999-01-02;1999-01-01;310;6012;13;4
1999-01-02;1999-01-01;310;6352;13;3
1999-01-02;1998-12-30;311;3748;13;4
1999-01-02;1999-01-01;312;4405;13;4
1999-01-02;1998-12-30;313;1836;10;3
1999-01-02;1998-12-27;319;1036;13;3
1999-01-02;1998-12-27;319;1038;4;3
1999-01-02;1998-12-30;321;3748;13;4
1999-01-02;1998-12-30;321;2229;10;4
1999-01-02;1998-12-30;321;3186;4;4
1999-01-02;1998-12-28;322;8973;4;3
1999-01-02;1998-12-28;322;4250;10;2
1999-01-02;1999-01-01;324;3505;5;1
1999-01-02;1998-12-29;335;2697;10;3
1999-01-02;1998-12-29;336;1706;13;4
1999-01-02;1998-12-31;337;3186;4;4
1999-01-02;1998-12-31;337;5605;10;3
1999-01-02;1998-12-26;338;7614;10;3
1999-01-02;1998-12-26;338;8973;4;2
1999-01-02;1998-12-28;343;2063;10;3
1999-01-02;1998-12-29;350;1295;4;2
1999-01-02;1998-12-30;352;1125;4;2
1999-01-02;1998-12-26;355;8304;13;3
1999-01-02;1998-12-26;355;6240;4;3
1999-01-02;1998-12-29;360;3186;4;3
1999-01-02;1998-12-27;361;644;13;5
1999-01-02;1998-12-31;362;1125;4;3
1999-01-02;1998-12-28;363;3186;4;4
1999-01-02;1998-12-28;363;6982;13;3
1999-01-02;1998-12-28;363;5975;10;2
1999-01-02;1998-12-29;373;4261;13;3
1999-01-02;1999-01-01;375;8287;10;3
1999-01-02;1998-12-29;378;7182;13;2
1999-01-02;1998-12-26;382;3761;10;3
1999-01-02;1998-12-26;385;1706;13;4
1999-01-02;1998-12-26;385;8534;10;4
1999-01-02;1998-12-30;386;7269;13;4
1999-01-02;1998-12-28;388;8304;13;2
1999-01-02;1998-12-31;391;5734;13;4
1999-01-02;1999-01-01;394;5975;10;3
1999-01-02;1998-12-27;401;1550;10;3
1999-01-02;1998-12-26;402;5872;4;3
1999-01-02;1998-12-27;405;9191;10;3
1999-01-02;1998-12-27;405;8304;13;2
1999-01-02;1998-12-30;406;187;13;3
1999-01-02;1999-01-01;409;467;13;3
1999-01-02;1999-01-01;409;8973;4;3
1999-01-02;1998-12-29;415;5329;13;3
1999-01-02;1998-12-29;417;5975;10;3
1999-01-02;1998-12-30;420;9401;13;4
1999-01-02;1999-01-01;421;2482;13;4
1999-01-02;1998-12-28;423;5053;10;3
1999-01-02;1998-12-29;428;1726;4;3
1999-01-02;1998-12-26;430;8534;10;3
1999-01-02;1998-12-26;430;2086;13;2
1999-01-02;1998-12-29;434;2646;4;4
1999-01-02;1998-12-26;435;1499;13;4
1999-01-02;1998-12-26;435;1183;10;2
1999-01-02;1998-12-30;440;5053;10;4
1999-01-02;1998-12-30;443;5605;10;3
1999-01-02;1998-12-30;443;2227;5;1
1999-01-02;1998-12-30;447;6288;13;3
1999-01-02;1998-12-26;451;3505;5;1
1999-01-02;1998-12-31;454;5605;10;4
1999-01-02;1998-12-31;457;1726;4;4
1999-01-02;1998-12-31;457;4932;4;4
1999-01-02;1998-12-31;459;8973;4;3
1999-01-02;1998-12-27;463;8534;10;2
1999-01-02;1998-12-28;467;9747;13;3
1999-01-02;1998-12-28;472;5909;13;3
1999-01-02;1998-12-31;478;1726;4;3
1999-01-02;1998-12-28;482;7189;13;2
1999-01-02;1998-12-26;485;187;13;3
1999-01-02;1998-12-26;490;1836;10;3
1999-01-02;1998-12-29;495;6240;4;3
1999-01-02;1998-12-31;498;3762;10;4
1999-01-02;1998-12-31;499;7189;13;4
1999-01-02;1998-12-28;504;3186;4;3
1999-01-02;1999-01-01;507;5712;4;4
1999-01-02;1999-01-01;507;5318;10;3
1999-01-02;1998-12-31;509;4571;4;4
1999-01-02;1998-12-27;518;5605;10;2
1999-01-02;1998-12-29;520;5053;10;3
1999-01-02;1998-12-30;521;3762;10;4
1999-01-02;1998-12-28;523;1726;4;2
1999-01-02;1998-12-30;524;3419;10;3
1999-01-02;1998-12-31;526;2446;4;4
1999-01-02;1998-12-31;530;5124;4;3
1999-01-02;1998-12-30;534;5605;10;4
1999-01-02;1998-12-30;534;6111;4;3
1999-01-02;1998-12-31;536;9401;13;3
1999-01-02;1998-12-30;539;3761;10;4
1999-01-02;1998-12-28;541;187;13;3
1999-01-02;1998-12-29;546;8534;10;3
1999-01-02;1998-12-31;547;6288;13;3
1999-01-02;1998-12-26;549;5672;4;3
1999-01-02;1998-12-26;549;1271;13;2
1999-01-02;1998-12-27;550;9149;4;2
1999-01-02;1998-12-27;554;3748;13;5
1999-01-02;1998-12-31;555;5672;4;2
1999-01-02;1999-01-01;557;2856;13;4
1999-01-02;1998-12-29;558;5070;13;3
1999-01-02;1998-12-29;558;3761;10;2
1999-01-02;1998-12-30;563;7446;13;3
1999-01-02;1999-01-01;564;2175;4;5
1999-01-02;1998-12-29;571;3721;5;1
1999-01-02;1999-01-01;573;2086;13;4
1999-01-02;1999-01-01;573;5975;10;4
1999-01-02;1998-12-28;578;1726;4;3
1999-01-02;1998-12-26;579;9149;4;4
1999-01-02;1998-12-31;582;3025;4;2
1999-01-02;1998-12-29;584;2697;10;4
1999-01-02;1998-12-27;590;1836;10;3
1999-01-02;1998-12-28;594;4536;13;4
1999-01-02;1998-12-26;595;5070;13;4
1999-01-02;1998-12-29;599;6352;13;4
1999-01-02;1999-01-01;602;2015;4;3
1999-01-02;1998-12-30;605;5712;4;2
1999-01-02;1998-12-29;606;1836;10;3
1999-01-02;1998-12-29;606;5124;4;2
1999-01-02;1998-12-29;614;9495;13;2
1999-01-02;1998-12-30;618;9863;13;2
1999-01-02;1998-12-28;621;2229;10;4
1999-01-02;1998-12-31;623;9747;13;3
1999-01-02;1998-12-30;626;1125;4;2
1999-01-02;1998-12-27;635;9491;13;4
1999-01-02;1998-12-28;641;4807;4;3
1999-01-02;1998-12-30;642;8310;13;3
1999-01-02;1998-12-26;644;8405;4;2
1999-01-02;1998-12-31;645;1499;13;3
1999-01-02;1998-12-27;646;6240;4;4
1999-01-02;1998-12-28;652;6240;4;3
1999-01-02;1998-12-28;652;1499;13;3
1999-01-02;1998-12-29;654;2229;10;4
1999-01-02;1998-12-29;654;4536;13;4
1999-01-02;1998-12-29;654;9197;10;3
1999-01-02;1998-12-29;654;5124;4;3
1999-01-02;1998-12-28;657;304;13;3
1999-01-02;1998-12-28;662;1706;13;4
1999-01-02;1998-12-30;663;1726;4;3
1999-01-02;1998-12-30;663;5172;10;3
1999-01-02;1998-12-26;665;2063;10;3
1999-01-02;1998-12-31;672;4250;10;3
1999-01-02;1998-12-29;673;5654;4;4
1999-01-02;1999-01-01;676;187;13;2
1999-01-02;1998-12-28;677;5975;10;4
1999-01-02;1998-12-27;678;8467;13;3
1999-01-02;1998-12-26;679;1706;13;4
1999-01-02;1998-12-28;680;304;13;4
1999-01-02;1998-12-27;681;1494;5;2
1999-01-02;1998-12-29;684;4423;13;3
1999-01-02;1998-12-30;686;6012;13;4
1999-01-02;1998-12-28;687;5605;10;5
1999-01-02;1999-01-01;688;8405;4;4
1999-01-02;1998-12-31;697;1550;10;4
1999-01-02;1998-12-31;697;497;4;3
1999-01-02;1998-12-28;700;9149;4;3
1999-01-02;1998-12-30;702;5872;4;4
1999-01-02;1998-12-30;707;3505;5;2
1999-01-02;1998-12-28;708;3721;5;1
1999-01-02;1998-12-29;710;7176;10;5
1999-01-02;1998-12-26;716;7176;10;4
1999-01-02;1999-01-01;723;2175;4;5
1999-01-02;1998-12-31;725;4571;4;4
1999-01-02;1998-12-28;726;8752;10;2
1999-01-02;1998-12-28;727;1295;4;4
1999-01-02;1998-12-30;728;4423;13;2
1999-01-02;1998-12-29;735;1836;10;3
1999-01-02;1998-12-29;737;2229;10;2
1999-01-02;1999-01-01;738;5329;13;3
1999-01-02;1999-01-01;738;6240;4;2
1999-01-02;1998-12-27;740;9895;4;5
1999-01-02;1999-01-01;748;6240;4;3
1999-01-02;1998-12-26;751;5872;4;4
1999-01-02;1998-12-26;751;545;13;4
1999-01-02;1998-12-26;751;6240;4;3
1999-01-02;1998-12-26;751;5654;4;2
1999-01-02;1998-12-27;754;4571;4;3
1999-01-02;1999-01-01;755;5872;4;4
1999-01-02;1999-01-01;755;7182;13;3
1999-01-02;1998-12-27;757;545;13;2
1999-01-02;1998-12-29;760;3950;13;3
1999-01-02;1998-12-29;762;7269;13;5
1999-01-02;1998-12-29;762;7328;4;4
1999-01-02;1998-12-28;767;6111;4;4
1999-01-02;1998-12-29;768;2015;4;2
1999-01-02;1999-01-01;769;9401;13;3
1999-01-02;1998-12-30;776;4261;13;4
1999-01-02;1998-12-26;782;1125;4;2
1999-01-02;1998-12-29;784;4807;4;3
1999-01-02;1998-12-27;788;4405;13;2
1999-01-02;1998-12-26;791;1494;5;1
1999-01-02;1998-12-26;801;1706;13;2
1999-01-02;1998-12-30;802;8534;10;3
1999-01-02;1998-12-26;804;8310;13;4
1999-01-02;1998-12-27;807;4202;4;2
1999-01-02;1998-12-30;815;4932;4;2
1999-01-02;1998-12-31;820;3186;4;4
1999-01-02;1998-12-28;822;6982;13;4
1999-01-02;1998-12-29;823;3505;5;1
1999-01-02;1998-12-30;824;5734;13;4
1999-01-02;1998-12-31;832;2063;10;2
1999-01-02;1998-12-28;833;1295;4;3
1999-01-02;1998-12-30;837;1836;10;3
1999-01-02;1998-12-30;837;5124;4;3
1999-01-02;1998-12-30;837;1295;4;3
1999-01-02;1998-12-29;839;5060;13;3
1999-01-02;1998-12-31;840;9863;13;3
1999-01-02;1998-12-27;842;2063;10;2
1999-01-02;1999-01-01;843;4536;13;4
1999-01-02;1998-12-29;844;5712;4;3
1999-01-02;1998-12-27;851;5872;4;3
1999-01-02;1998-12-27;860;6992;4;2
1999-01-02;1998-12-31;861;7182;13;3
1999-01-02;1998-12-30;865;9929;13;4
1999-01-02;1998-12-30;865;7182;13;2
1999-01-02;1998-12-26;868;7269;13;4
1999-01-02;1998-12-28;872;7269;13;3
1999-01-02;1998-12-26;873;8564;4;3
1999-01-02;1998-12-26;873;3419;10;3
1999-01-02;1998-12-28;878;1125;4;3
1999-01-02;1998-12-31;879;2175;4;5
1999-01-02;1998-12-31;879;1836;10;3
1999-01-02;1998-12-27;885;8534;10;4
1999-01-02;1998-12-27;887;8364;4;5
1999-01-02;1998-12-26;888;3761;10;2
1999-01-02;1998-12-26;898;8405;4;2
1999-01-02;1998-12-28;904;8405;4;4
1999-01-02;1998-12-28;904;5329;13;3
1999-01-02;1998-12-26;906;2086;13;3
1999-01-02;1998-12-27;907;545;13;3
1999-01-02;1998-12-28;909;5053;10;3
1999-01-02;1998-12-27;912;6982;13;3
1999-01-02;1998-12-29;914;7614;10;3
1999-01-02;1998-12-28;931;767;4;3
1999-01-02;1998-12-26;932;7110;4;3
1999-01-02;1998-12-26;937;4932;4;4
1999-01-02;1998-12-26;937;3186;4;3
1999-01-02;1999-01-01;942;7110;4;4
1999-01-02;1998-12-29;944;9895;4;4
1999-01-02;1998-12-29;944;4932;4;3
1999-01-02;1998-12-27;945;1499;13;3
1999-01-02;1998-12-27;951;9316;10;4
1999-01-02;1998-12-27;951;1706;13;3
1999-01-02;1998-12-29;957;5654;4;3
1999-01-02;1998-12-30;958;1836;10;3
1999-01-02;1998-12-30;973;1726;4;2
1999-01-02;1998-12-30;973;6973;5;1
1999-01-02;1998-12-27;974;7614;10;4
1999-01-02;1998-12-27;981;3762;10;5
1999-01-02;1998-12-27;982;1125;4;3
1999-01-02;1998-12-30;984;3761;10;4
1999-01-02;1998-12-30;984;5053;10;3
1999-01-02;1998-12-29;987;7946;4;4
1999-01-02;1998-12-31;989;1836;10;2
1999-01-02;1998-12-30;990;6111;4;5
1999-01-02;1998-12-31;992;4261;13;4
1999-01-02;1998-12-31;1000;5124;4;3
1999-01-02;1998-12-26;1010;4410;13;3
1999-01-02;1998-12-26;1010;6973;5;1
1999-01-02;1998-12-26;1011;4423;13;3
1999-01-02;1998-12-29;1015;187;13;2
1999-01-02;1998-12-27;1016;2856;13;2
1999-01-02;1999-01-01;1024;8973;4;3
1999-01-02;1998-12-26;1031;5909;13;3
1999-01-02;1998-12-27;1034;5734;13;4
1999-01-02;1999-01-01;1036;2446;4;4
1999-01-02;1999-01-01;1036;5124;4;3
1999-01-02;1998-12-28;1037;3950;13;3
1999-01-02;1998-12-27;1040;5734;13;3
1999-01-02;1998-12-26;1047;7946;4;3
1999-01-02;1998-12-26;1047;5124;4;2
1999-01-02;1998-12-30;1048;8364;4;4
1999-01-02;1998-12-30;1048;1271;13;3
1999-01-02;1998-12-30;1048;9191;10;3
1999-01-02;1998-12-30;1048;8310;13;2
1999-01-02;1998-12-28;1052;8534;10;3
1999-01-02;1998-12-29;1053;7176;10;4
1999-01-02;1998-12-29;1053;6992;4;3
1999-01-02;1998-12-27;1056;3505;5;2
1999-01-02;1999-01-01;1060;8367;13;5
1999-01-02;1999-01-01;1060;3505;5;1
1999-01-02;1998-12-26;1064;5712;4;2
1999-01-02;1998-12-28;1065;2446;4;3
1999-01-02;1999-01-01;1067;5318;10;3
1999-01-02;1998-12-29;1070;2015;4;3
1999-01-02;1998-12-28;1076;497;4;3
1999-01-02;1998-12-26;1079;2175;4;4
1999-01-02;1998-12-26;1079;2439;10;3
1999-01-02;1998-12-29;1083;2697;10;3
1999-01-02;1998-12-26;1084;7328;4;4
1999-01-02;1998-12-26;1086;2227;5;2
1999-01-02;1998-12-30;1091;8364;4;5
1999-01-02;1998-12-30;1091;3762;10;5
1999-01-02;1999-01-01;1095;1499;13;4
1999-01-02;1998-12-29;1098;4932;4;3
1999-01-02;1998-12-31;1106;2856;13;3
1999-01-02;1998-12-30;1113;5124;4;3
1999-01-02;1998-12-30;1113;2227;5;2
1999-01-02;1998-12-27;1118;8534;10;3
1999-01-02;1998-12-26;1124;3721;5;2
1999-01-02;1999-01-01;1126;8367;13;3
1999-01-02;1998-12-27;1127;6240;4;3
1999-01-02;1999-01-01;1130;2482;13;4
1999-01-02;1998-12-27;1131;5909;13;4
1999-01-02;1998-12-28;1139;1295;4;3
1999-01-02;1998-12-26;1142;1183;10;2
1999-01-02;1998-12-31;1144;1183;10;3
1999-01-02;1998-12-31;1148;7110;4;3
1999-01-02;1998-12-28;1150;4423;13;3
1999-01-02;1998-12-31;1152;8534;10;3
1999-01-02;1998-12-26;1154;5712;4;3
1999-01-02;1998-12-28;1155;9316;10;4
1999-01-02;1999-01-01;1161;187;13;3
1999-01-02;1999-01-01;1164;7946;4;2
1999-01-02;1998-12-27;1165;6111;4;3
1999-01-02;1998-12-29;1166;9253;5;1
1999-01-02;1998-12-31;1167;5318;10;4
1999-01-02;1998-12-26;1169;5053;10;3
1999-01-02;1998-12-29;1170;467;13;3
1999-01-02;1998-12-30;1176;3950;13;4
1999-01-02;1998-12-28;1179;8534;10;4
1999-01-02;1998-12-31;1181;4250;10;3
1999-01-02;1999-01-01;1184;2015;4;2
1999-01-02;1999-01-01;1186;3748;13;3
1999-01-02;1999-01-01;1187;8364;4;5
1999-01-02;1999-01-01;1189;9747;13;3
1999-01-02;1999-01-01;1189;9253;5;2
1999-01-02;1998-12-29;1197;644;13;5
1999-01-02;1998-12-28;1198;6012;13;3
1999-01-02;1998-12-29;1200;545;13;3
1999-01-02;1998-12-27;1206;5124;4;2
1999-01-02;1999-01-01;1208;9191;10;3
1999-01-02;1998-12-27;1211;8287;10;3
1999-01-02;1998-12-30;1218;9491;13;4
1999-01-02;1999-01-01;1222;9149;4;2
1999-01-02;1999-01-01;1222;1706;13;2
1999-01-02;1998-12-31;1225;3025;4;2
1999-01-02;1998-12-29;1230;2227;5;2
1999-01-02;1998-12-29;1237;6240;4;4
1999-01-02;1998-12-26;1238;9491;13;4
1999-01-02;1998-12-28;1241;9895;4;3
1999-01-02;1998-12-28;1248;2063;10;3
1999-01-02;1998-12-28;1251;9316;10;3
1999-01-02;1998-12-28;1251;7328;4;3
1999-01-02;1998-12-28;1251;7269;13;2
1999-01-02;1998-12-29;1252;3025;4;3
1999-01-02;1998-12-29;1252;9191;10;3
1999-01-02;1998-12-31;1253;5124;4;4
1999-01-02;1998-12-27;1254;5909;13;3
1999-01-02;1998-12-31;1256;9895;4;3
1999-01-02;1998-12-27;1261;7328;4;2
1999-01-02;1999-01-01;1262;7446;13;3
1999-01-02;1998-12-28;1263;8367;13;4
1999-01-02;1998-12-27;1266;9149;4;2
1999-01-02;1998-12-27;1267;5654;4;2
1999-01-02;1999-01-01;1274;3721;5;1
1999-01-02;1998-12-31;1280;4410;13;4
1999-01-02;1998-12-27;1281;4932;4;4
1999-01-02;1998-12-30;1289;5318;10;3
1999-01-02;1998-12-27;1291;7614;10;4
1999-01-02;1999-01-01;1301;9316;10;3
1999-01-02;1998-12-27;1302;4261;13;3
1999-01-02;1998-12-31;1306;4423;13;3
1999-01-02;1998-12-28;1307;8364;4;5
1999-01-02;1998-12-29;1316;4202;4;2
1999-01-02;1998-12-26;1317;187;13;2
1999-01-02;1998-12-29;1319;5605;10;4
1999-01-02;1998-12-28;1325;5672;4;3
1999-01-02;1998-12-29;1326;3950;13;4
1999-01-02;1998-12-29;1326;2015;4;3
1999-01-02;1998-12-28;1328;9491;13;2
1999-01-02;1998-12-31;1332;187;13;3
1999-01-02;1998-12-27;1333;5734;13;4
1999-01-02;1998-12-27;1337;8364;4;4
1999-01-02;1998-12-31;1340;8534;10;4
1999-01-02;1998-12-26;1342;4536;13;5
1999-01-02;1998-12-27;1343;6111;4;4
1999-01-02;1998-12-28;1347;8405;4;4
1999-01-02;1998-12-30;1348;9191;10;3
1999-01-02;1998-12-31;1349;9747;13;4
1999-01-02;1998-12-29;1357;9495;13;3
1999-01-02;1998-12-27;1360;9895;4;3
1999-01-02;1999-01-01;1362;5124;4;3
1999-01-02;1999-01-01;1363;8752;10;3
1999-01-02;1999-01-01;1363;6992;4;3
1999-01-02;1998-12-30;1367;2015;4;3
1999-01-02;1998-12-26;1369;3025;4;3
1999-01-02;1999-01-01;1370;2229;10;5
1999-01-02;1998-12-31;1371;9316;10;2
1999-01-02;1998-12-31;1374;767;4;3
1999-01-02;1999-01-01;1376;6992;4;2
1999-01-02;1999-01-01;1379;7446;13;3
1999-01-02;1998-12-29;1380;3748;13;4
1999-01-02;1998-12-29;1383;5734;13;4
1999-01-02;1998-12-29;1383;3419;10;4
1999-01-02;1998-12-29;1383;6288;13;2
1999-01-02;1998-12-27;1394;4807;4;2
1999-01-02;1998-12-30;1395;5230;13;3
1999-01-02;1998-12-27;1397;7946;4;4
1999-01-02;1998-12-31;1400;9316;10;3
1999-01-02;1998-12-31;1400;5070;13;2
1999-01-02;1998-12-29;1401;9491;13;2
1999-01-02;1998-12-26;1406;9747;13;2
1999-01-02;1998-12-29;1407;2229;10;3
1999-01-02;1998-12-31;1408;6111;4;4
1999-01-02;1998-12-30;1411;9197;10;4
1999-01-02;1998-12-29;1417;4959;13;4
1999-01-02;1998-12-29;1417;6288;13;3
1999-01-02;1998-12-31;1420;7614;10;3
1999-01-02;1998-12-30;1422;6240;4;3
1999-01-02;1998-12-31;1423;5099;4;3
1999-01-02;1998-12-28;1424;4405;13;3
1999-01-02;1998-12-28;1427;3761;10;4
1999-01-02;1998-12-27;1428;2086;13;3
1999-01-02;1998-12-30;1431;2063;10;3
1999-01-02;1998-12-30;1445;2086;13;3
1999-01-02;1998-12-29;1458;3423;13;3
1999-01-02;1998-12-29;1458;7110;4;3
1999-01-02;1998-12-29;1460;8752;10;3
1999-01-02;1998-12-31;1462;2227;5;2
1999-01-02;1998-12-29;1466;5053;10;3
1999-01-02;1998-12-29;1466;4807;4;2
1999-01-02;1998-12-29;1468;9191;10;4
1999-01-02;1999-01-01;1472;9747;13;4
1999-01-02;1998-12-29;1473;545;13;4
1999-01-02;1998-12-30;1477;1550;10;3
1999-01-02;1998-12-31;1480;1836;10;2
1999-01-02;1998-12-27;1483;5070;13;4
1999-01-02;1998-12-27;1483;5734;13;2
1999-01-02;1999-01-01;1486;7176;10;2
1999-01-02;1998-12-27;1493;4959;13;2
1999-01-02;1998-12-27;1497;9191;10;3
1999-01-02;1999-01-01;1500;1550;10;4
1999-01-02;1998-12-26;1502;187;13;3
1999-01-02;1998-12-31;1508;1125;4;2
1999-01-02;1998-12-26;1510;6111;4;4
1999-01-02;1999-01-01;1513;5605;10;3
1999-01-02;1998-12-31;1516;2086;13;2
1999-01-02;1999-01-01;1517;5872;4;3
1999-01-02;1998-12-31;1518;4174;4;3
1999-01-02;1999-01-01;1521;5872;4;2
1999-01-02;1998-12-29;1522;1295;4;4
1999-01-02;1998-12-30;1524;1836;10;4
1999-01-02;1998-12-28;1527;1125;4;2
1999-01-02;1998-12-26;1529;3186;4;3
1999-01-02;1998-12-30;1532;1295;4;3
1999-01-02;1998-12-26;1542;6992;4;3
1999-01-02;1998-12-26;1543;1550;10;3
1999-01-02;1999-01-01;1549;2439;10;4
1999-01-02;1999-01-01;1549;9149;4;3
1999-01-02;1998-12-30;1553;5909;13;4
1999-01-02;1998-12-27;1558;2227;5;2
1999-01-03;1999-01-02;3;4005;15;2
1999-01-03;1998-12-30;11;9366;17;4
1999-01-03;1998-12-30;11;8108;17;3
1999-01-03;1999-01-02;18;8189;17;4
1999-01-03;1999-01-01;20;6417;7;4
1999-01-03;1999-01-01;20;319;15;4
1999-01-03;1998-12-31;22;5143;17;3
1999-01-03;1999-01-01;32;9412;15;2
1999-01-03;1999-01-02;34;10227;15;3
1999-01-03;1998-12-31;36;9139;22;1
1999-01-03;1999-01-02;37;10091;17;3
1999-01-03;1999-01-02;39;9679;7;3
1999-01-03;1999-01-02;39;8190;7;2
1999-01-03;1998-12-27;41;4364;17;4
1999-01-03;1998-12-27;41;1659;15;3
1999-01-03;1998-12-30;49;3239;17;3
1999-01-03;1998-12-27;51;8189;17;4
1999-01-03;1998-12-29;63;8466;17;3
1999-01-03;1998-12-29;68;7948;17;4
1999-01-03;1998-12-29;68;8189;17;3
1999-01-03;1998-12-30;76;7951;15;3
1999-01-03;1998-12-27;78;4486;7;4
1999-01-03;1998-12-28;84;364;7;2
1999-01-03;1998-12-28;89;4657;17;3
1999-01-03;1998-12-28;95;757;15;4
1999-01-03;1998-12-30;96;6347;17;4
1999-01-03;1998-12-31;104;4892;17;3
1999-01-03;1999-01-01;108;3976;17;2
1999-01-03;1999-01-01;114;6161;17;4
1999-01-03;1998-12-27;118;6161;17;3
1999-01-03;1999-01-01;119;9139;22;2
1999-01-03;1998-12-31;122;4099;17;3
1999-01-03;1998-12-29;128;4630;15;3
1999-01-03;1999-01-01;141;7948;17;3
1999-01-03;1999-01-01;145;7996;15;3
1999-01-03;1998-12-30;147;4657;17;3
1999-01-03;1998-12-29;149;7789;15;3
1999-01-03;1999-01-01;150;658;7;3
1999-01-03;1999-01-01;150;2436;15;2
1999-01-03;1998-12-30;153;5989;7;4
1999-01-03;1998-12-30;159;3504;22;2
1999-01-03;1998-12-28;167;9366;17;4
1999-01-03;1999-01-01;168;3922;7;4
1999-01-03;1999-01-01;168;620;15;4
1999-01-03;1999-01-01;168;8189;17;3
1999-01-03;1998-12-27;170;4892;17;4
1999-01-03;1998-12-30;172;4486;7;2
1999-01-03;1998-12-31;174;4775;17;4
1999-01-03;1998-12-31;178;3930;15;2
1999-01-03;1998-12-31;179;7996;15;3
1999-01-03;1998-12-27;180;5092;17;3
1999-01-03;1998-12-30;188;3504;22;2
1999-01-03;1998-12-27;195;7996;15;3
1999-01-03;1998-12-29;206;5026;17;3
1999-01-03;1998-12-29;206;6347;17;3
1999-01-03;1999-01-01;208;9973;7;3
1999-01-03;1998-12-30;210;2436;15;2
1999-01-03;1998-12-28;211;658;7;3
1999-01-03;1998-12-29;213;1245;17;4
1999-01-03;1998-12-30;217;6940;7;3
1999-01-03;1999-01-01;220;8476;7;4
1999-01-03;1998-12-27;224;3048;15;2
1999-01-03;1999-01-02;239;953;15;3
1999-01-03;1998-12-30;242;9412;15;3
1999-01-03;1998-12-27;243;6417;7;2
1999-01-03;1998-12-27;243;319;15;2
1999-01-03;1999-01-02;255;7529;17;4
1999-01-03;1998-12-30;260;3539;17;4
1999-01-03;1999-01-02;269;771;15;2
1999-01-03;1999-01-02;270;2193;7;4
1999-01-03;1999-01-02;270;1659;15;2
1999-01-03;1998-12-31;277;7920;17;3
1999-01-03;1998-12-31;277;10227;15;3
1999-01-03;1998-12-27;279;6347;17;2
1999-01-03;1998-12-27;281;830;15;4
1999-01-03;1998-12-27;281;831;15;2
1999-01-03;1998-12-30;285;830;15;4
1999-01-03;1998-12-30;285;7275;17;3
1999-01-03;1998-12-29;288;1192;17;4
1999-01-03;1998-12-30;292;4657;17;2
1999-01-03;1999-01-02;295;7996;15;2
1999-01-03;1998-12-29;299;2947;17;3
1999-01-03;1998-12-31;302;7469;7;3
1999-01-03;1998-12-28;306;5026;17;3
1999-01-03;1998-12-31;308;7081;7;4
1999-01-03;1999-01-02;310;4892;17;2
1999-01-03;1998-12-31;311;7920;17;3
1999-01-03;1998-12-31;311;4486;7;3
1999-01-03;1998-12-30;314;1659;15;3
1999-01-03;1998-12-31;317;658;7;3
1999-01-03;1998-12-28;320;7281;17;3
1999-01-03;1998-12-29;322;7996;15;2
1999-01-03;1999-01-01;327;658;7;4
1999-01-03;1999-01-01;327;7920;17;3
1999-01-03;1999-01-01;327;2436;15;3
1999-01-03;1998-12-31;330;4557;22;2
1999-01-03;1998-12-31;333;5026;17;3
1999-01-03;1998-12-30;335;9187;17;3
1999-01-03;1998-12-30;335;8882;7;2
1999-01-03;1998-12-29;339;9139;22;2
1999-01-03;1999-01-02;341;7081;7;3
1999-01-03;1998-12-30;344;9224;17;3
1999-01-03;1998-12-29;347;10032;7;4
1999-01-03;1998-12-27;355;2879;7;3
1999-01-03;1998-12-27;371;3860;15;4
1999-01-03;1999-01-02;374;4775;17;3
1999-01-03;1999-01-02;375;7469;7;3
1999-01-03;1998-12-27;376;3902;15;4
1999-01-03;1999-01-01;377;6940;7;4
1999-01-03;1998-12-30;378;620;15;3
1999-01-03;1998-12-28;380;10032;7;4
1999-01-03;1998-12-28;380;6424;7;3
1999-01-03;1999-01-01;383;9679;7;2
1999-01-03;1998-12-31;386;3976;17;3
1999-01-03;1998-12-31;386;4005;15;3
1999-01-03;1998-12-29;388;4657;17;3
1999-01-03;1999-01-01;391;9187;17;3
1999-01-03;1999-01-01;391;475;7;2
1999-01-03;1998-12-30;393;3528;17;3
1999-01-03;1999-01-02;396;8414;17;3
1999-01-03;1998-12-30;397;10032;7;3
1999-01-03;1998-12-30;407;475;7;4
1999-01-03;1998-12-27;413;10091;17;3
1999-01-03;1998-12-27;413;8141;22;1
1999-01-03;1999-01-02;421;4657;17;3
1999-01-03;1999-01-02;421;620;15;3
1999-01-03;1998-12-27;422;4368;7;3
1999-01-03;1998-12-28;424;7081;7;3
1999-01-03;1998-12-27;425;3233;7;4
1999-01-03;1998-12-27;425;771;15;2
1999-01-03;1999-01-01;427;7920;17;3
1999-01-03;1998-12-30;428;2248;7;3
1999-01-03;1998-12-29;432;3239;17;2
1999-01-03;1998-12-27;433;6940;7;3
1999-01-03;1998-12-27;436;4535;15;3
1999-01-03;1998-12-30;438;4657;17;3
1999-01-03;1999-01-02;442;3239;17;4
1999-01-03;1998-12-28;444;9412;15;3
1999-01-03;1998-12-29;445;8466;17;4
1999-01-03;1999-01-01;446;7241;17;3
1999-01-03;1998-12-29;450;3930;15;4
1999-01-03;1998-12-30;453;5989;7;5
1999-01-03;1999-01-01;454;7920;17;3
1999-01-03;1999-01-01;454;3860;15;2
1999-01-03;1999-01-01;455;3239;17;4
1999-01-03;1999-01-01;457;9973;7;3
1999-01-03;1999-01-01;466;4892;17;3
1999-01-03;1999-01-01;466;9588;7;2
1999-01-03;1998-12-29;469;5989;7;3
1999-01-03;1999-01-01;473;1085;7;3
1999-01-03;1998-12-29;477;9412;15;2
1999-01-03;1998-12-31;479;1328;17;5
1999-01-03;1998-12-28;486;4775;17;2
1999-01-03;1998-12-28;494;9412;15;3
1999-01-03;1998-12-28;494;5590;17;3
1999-01-03;1998-12-31;500;6940;7;4
1999-01-03;1998-12-28;502;9187;17;2
1999-01-03;1998-12-29;504;9588;7;4
1999-01-03;1999-01-02;505;1145;17;3
1999-01-03;1999-01-02;507;7241;17;4
1999-01-03;1998-12-28;510;10227;15;3
1999-01-03;1998-12-27;513;1168;17;2
1999-01-03;1998-12-28;519;10091;17;3
1999-01-03;1998-12-28;519;7951;15;2
1999-01-03;1998-12-31;521;2879;7;3
1999-01-03;1998-12-31;521;8108;17;2
1999-01-03;1998-12-29;523;10091;17;3
1999-01-03;1998-12-29;523;6347;17;3
1999-01-03;1998-12-31;524;10032;7;3
1999-01-03;1998-12-31;532;7831;17;2
1999-01-03;1998-12-31;534;4486;7;2
1999-01-03;1998-12-29;538;4657;17;2
1999-01-03;1998-12-27;540;5989;7;2
1999-01-03;1999-01-01;544;3738;7;4
1999-01-03;1998-12-27;549;6168;17;4
1999-01-03;1998-12-28;550;3930;15;3
1999-01-03;1999-01-02;552;8414;17;3
1999-01-03;1999-01-01;555;636;17;2
1999-01-03;1998-12-28;559;6417;7;4
1999-01-03;1998-12-27;560;658;7;4
1999-01-03;1998-12-27;560;2436;15;4
1999-01-03;1998-12-31;563;9245;15;4
1999-01-03;1998-12-31;563;4775;17;4
1999-01-03;1999-01-02;564;8882;7;4
1999-01-03;1998-12-31;565;6417;7;3
1999-01-03;1998-12-31;565;4657;17;2
1999-01-03;1998-12-27;567;9782;15;3
1999-01-03;1998-12-30;568;3233;7;5
1999-01-03;1998-12-30;571;5143;17;2
1999-01-03;1999-01-01;582;7789;15;2
1999-01-03;1998-12-29;585;9187;17;4
1999-01-03;1998-12-28;587;6940;7;4
1999-01-03;1998-12-28;588;7831;17;3
1999-01-03;1998-12-29;594;9412;15;4
1999-01-03;1998-12-29;594;5590;17;3
1999-01-03;1998-12-27;603;3528;17;3
1999-01-03;1998-12-31;605;8190;7;3
1999-01-03;1998-12-27;607;7637;7;3
1999-01-03;1998-12-31;618;9139;22;2
1999-01-03;1998-12-30;620;9245;15;2
1999-01-03;1998-12-29;621;9412;15;3
1999-01-03;1998-12-30;624;771;15;3
1999-01-03;1998-12-30;624;6161;17;3
1999-01-03;1998-12-29;629;1085;7;3
1999-01-03;1998-12-29;638;2248;7;4
1999-01-03;1998-12-29;638;620;15;2
1999-01-03;1998-12-27;644;3738;7;4
1999-01-03;1998-12-28;655;9679;7;4
1999-01-03;1999-01-02;656;2436;15;4
1999-01-03;1998-12-29;662;1328;17;3
1999-01-03;1998-12-27;665;4892;17;3
1999-01-03;1999-01-02;674;830;15;3
1999-01-03;1998-12-28;678;7469;7;2
1999-01-03;1998-12-29;680;7081;7;2
1999-01-03;1999-01-02;692;4099;17;2
1999-01-03;1999-01-02;696;7241;17;5
1999-01-03;1999-01-01;697;8476;7;3
1999-01-03;1998-12-31;702;7281;17;2
1999-01-03;1998-12-29;704;620;15;3
1999-01-03;1998-12-29;704;1131;15;2
1999-01-03;1999-01-02;705;1145;17;3
1999-01-03;1998-12-30;710;9224;17;4
1999-01-03;1998-12-30;713;2193;7;3
1999-01-03;1999-01-01;715;1145;17;3
1999-01-03;1999-01-01;721;3930;15;3
1999-01-03;1998-12-27;733;9224;17;4
1999-01-03;1998-12-27;733;10227;15;3
1999-01-03;1998-12-27;733;9366;17;3
1999-01-03;1998-12-30;735;4535;15;2
1999-01-03;1999-01-02;748;1192;17;3
1999-01-03;1998-12-29;758;2947;17;4
1999-01-03;1999-01-01;765;8190;7;2
1999-01-03;1999-01-01;766;6940;7;4
1999-01-03;1998-12-27;771;4630;15;2
1999-01-03;1999-01-01;772;1733;15;4
1999-01-03;1998-12-31;775;7951;15;3
1999-01-03;1998-12-29;783;3930;15;3
1999-01-03;1998-12-31;785;4535;15;3
1999-01-03;1999-01-01;796;9110;15;5
1999-01-03;1999-01-01;800;3922;7;3
1999-01-03;1998-12-27;804;8805;7;2
1999-01-03;1998-12-30;813;8359;17;4
1999-01-03;1999-01-01;814;4630;15;3
1999-01-03;1998-12-31;815;1337;17;2
1999-01-03;1999-01-01;820;8108;17;2
1999-01-03;1998-12-31;829;4364;17;2
1999-01-03;1998-12-28;830;4657;17;2
1999-01-03;1998-12-28;836;5092;17;3
1999-01-03;1998-12-27;838;1337;17;4
1999-01-03;1998-12-27;838;1192;17;2
1999-01-03;1999-01-01;841;9187;17;4
1999-01-03;1998-12-28;842;5026;17;2
1999-01-03;1998-12-30;844;620;15;2
1999-01-03;1998-12-29;846;1733;15;2
1999-01-03;1999-01-02;848;2947;17;3
1999-01-03;1998-12-29;849;5026;17;3
1999-01-03;1998-12-27;850;4486;7;3
1999-01-03;1998-12-28;851;9139;22;2
1999-01-03;1998-12-27;854;8108;17;3
1999-01-03;1999-01-02;858;3504;22;3
1999-01-03;1998-12-28;860;4110;15;3
1999-01-03;1998-12-30;862;8189;17;3
1999-01-03;1999-01-02;864;364;7;3
1999-01-03;1998-12-31;870;757;15;4
1999-01-03;1998-12-28;885;4535;15;3
1999-01-03;1998-12-28;887;364;7;5
1999-01-03;1998-12-27;888;8190;7;3
1999-01-03;1998-12-31;890;4557;22;1
1999-01-03;1998-12-28;891;4099;17;3
1999-01-03;1998-12-28;892;7951;15;3
1999-01-03;1999-01-01;894;8805;7;5
1999-01-03;1998-12-27;898;7529;17;2
1999-01-03;1998-12-29;901;3233;7;2
1999-01-03;1998-12-30;902;3528;17;4
1999-01-03;1998-12-29;904;4110;15;2
1999-01-03;1998-12-28;907;3048;15;3
1999-01-03;1998-12-28;912;4005;15;3
1999-01-03;1999-01-01;913;10091;17;3
1999-01-03;1998-12-30;914;8389;7;4
1999-01-03;1999-01-02;921;1145;17;3
1999-01-03;1998-12-27;927;3738;7;4
1999-01-03;1999-01-01;929;1168;17;4
1999-01-03;1999-01-02;930;7081;7;4
1999-01-03;1998-12-27;937;2248;7;4
1999-01-03;1998-12-29;940;6424;7;3
1999-01-03;1998-12-27;941;8882;7;3
1999-01-03;1999-01-02;942;7529;17;3
1999-01-03;1999-01-01;952;3528;17;4
1999-01-03;1998-12-28;956;4775;17;3
1999-01-03;1998-12-30;957;7948;17;4
1999-01-03;1998-12-30;957;9973;7;3
1999-01-03;1998-12-29;963;7637;7;3
1999-01-03;1999-01-01;966;2374;15;3
1999-01-03;1998-12-30;975;3504;22;2
1999-01-03;1999-01-02;976;2374;15;3
1999-01-03;1999-01-02;983;4364;17;3
1999-01-03;1998-12-30;987;2248;7;4
1999-01-03;1998-12-31;990;771;15;3
1999-01-03;1998-12-31;990;4557;22;2
1999-01-03;1998-12-30;993;9224;17;5
1999-01-03;1999-01-01;1000;620;15;3
1999-01-03;1998-12-30;1004;4099;17;3
1999-01-03;1998-12-30;1012;5989;7;4
1999-01-03;1998-12-28;1014;1849;7;4
1999-01-03;1998-12-28;1014;1131;15;4
1999-01-03;1998-12-30;1015;9366;17;3
1999-01-03;1998-12-27;1031;5241;7;2
1999-01-03;1998-12-28;1040;6424;7;3
1999-01-03;1998-12-28;1043;6940;7;4
1999-01-03;1998-12-27;1049;8500;17;4
1999-01-03;1998-12-27;1049;1245;17;3
1999-01-03;1998-12-27;1049;10227;15;3
1999-01-03;1998-12-29;1052;3528;17;5
1999-01-03;1998-12-30;1053;6940;7;2
1999-01-03;1998-12-28;1056;5092;17;3
1999-01-03;1998-12-28;1056;7081;7;2
1999-01-03;1998-12-27;1057;831;15;2
1999-01-03;1998-12-29;1065;4368;7;3
1999-01-03;1999-01-01;1066;8189;17;3
1999-01-03;1998-12-30;1072;6347;17;4
1999-01-03;1998-12-30;1078;830;15;3
1999-01-03;1998-12-29;1081;4099;17;3
1999-01-03;1998-12-27;1084;9187;17;4
1999-01-03;1998-12-27;1086;10227;15;3
1999-01-03;1999-01-01;1087;2248;7;3
1999-01-03;1999-01-01;1089;2112;17;2
1999-01-03;1999-01-01;1092;4368;7;3
1999-01-03;1999-01-02;1101;830;15;3
1999-01-03;1998-12-29;1102;6417;7;3
1999-01-03;1998-12-29;1102;319;15;3
1999-01-03;1998-12-31;1107;7469;7;3
1999-01-03;1998-12-30;1108;4368;7;2
1999-01-03;1998-12-30;1110;3738;7;2
1999-01-03;1998-12-31;1112;4557;22;1
1999-01-03;1998-12-28;1118;9110;15;4
1999-01-03;1998-12-28;1118;8389;7;3
1999-01-03;1998-12-28;1118;8414;17;3
1999-01-03;1998-12-31;1120;4239;17;3
1999-01-03;1998-12-28;1125;7951;15;4
1999-01-03;1999-01-01;1129;7281;17;2
1999-01-03;1998-12-30;1133;10032;7;3
1999-01-03;1998-12-27;1142;5026;17;2
1999-01-03;1998-12-31;1145;5092;17;2
1999-01-03;1998-12-31;1147;4630;15;5
1999-01-03;1998-12-31;1147;364;7;4
1999-01-03;1999-01-02;1151;771;15;4
1999-01-03;1999-01-01;1152;5972;15;2
1999-01-03;1998-12-27;1154;5143;17;4
1999-01-03;1999-01-01;1156;5989;7;4
1999-01-03;1999-01-01;1156;1659;15;4
1999-01-03;1998-12-31;1162;7951;15;2
1999-01-03;1998-12-31;1162;4775;17;2
1999-01-03;1999-01-01;1163;6424;7;4
1999-01-03;1998-12-30;1166;4364;17;3
1999-01-03;1998-12-30;1170;9321;22;2
1999-01-03;1998-12-27;1173;5972;15;3
1999-01-03;1998-12-29;1174;4657;17;3
1999-01-03;1998-12-29;1174;5143;17;2
1999-01-03;1998-12-31;1175;5026;17;3
1999-01-03;1999-01-02;1177;2879;7;2
1999-01-03;1999-01-01;1181;3738;7;5
1999-01-03;1999-01-01;1181;3802;7;3
1999-01-03;1999-01-02;1182;6940;7;5
1999-01-03;1999-01-02;1182;2374;15;3
1999-01-03;1998-12-27;1185;7281;17;4
1999-01-03;1999-01-02;1187;3738;7;3
1999-01-03;1998-12-29;1190;7469;7;4
1999-01-03;1998-12-28;1191;3802;7;3
1999-01-03;1998-12-27;1192;4892;17;4
1999-01-03;1998-12-27;1192;658;7;3
1999-01-03;1998-12-27;1195;1085;7;3
1999-01-03;1998-12-27;1195;7241;17;3
1999-01-03;1998-12-29;1196;3976;17;2
1999-01-03;1998-12-30;1197;3239;17;4
1999-01-03;1998-12-30;1204;5026;17;4
1999-01-03;1998-12-28;1207;771;15;3
1999-01-03;1999-01-02;1208;7831;17;4
1999-01-03;1999-01-02;1208;3504;22;1
1999-01-03;1998-12-27;1209;6940;7;5
1999-01-03;1998-12-28;1211;8466;17;2
1999-01-03;1999-01-02;1214;953;15;4
1999-01-03;1998-12-28;1216;8359;17;3
1999-01-03;1998-12-31;1223;8141;22;2
1999-01-03;1999-01-01;1225;7529;17;3
1999-01-03;1998-12-31;1231;1145;17;3
1999-01-03;1998-12-27;1238;1168;17;2
1999-01-03;1999-01-01;1239;9245;15;4
1999-01-03;1999-01-02;1243;4630;15;2
1999-01-03;1999-01-01;1256;3976;17;3
1999-01-03;1998-12-28;1261;6347;17;3
1999-01-03;1998-12-29;1264;5143;17;3
1999-01-03;1998-12-28;1270;1849;7;3
1999-01-03;1998-12-31;1273;771;15;4
1999-01-03;1999-01-02;1279;8141;22;1
1999-01-03;1998-12-29;1283;8189;17;3
1999-01-03;1998-12-29;1285;9110;15;4
1999-01-03;1998-12-29;1285;6168;17;3
1999-01-03;1998-12-31;1295;7281;17;4
1999-01-03;1998-12-31;1295;9110;15;2
1999-01-03;1998-12-27;1297;636;17;3
1999-01-03;1998-12-27;1297;1337;17;3
1999-01-03;1998-12-30;1309;9588;7;2
1999-01-03;1998-12-30;1316;10091;17;3
1999-01-03;1998-12-27;1317;9187;17;3
1999-01-03;1998-12-28;1322;2112;17;3
1999-01-03;1998-12-30;1323;6161;17;2
1999-01-03;1998-12-30;1329;1733;15;3
1999-01-03;1999-01-01;1331;4180;7;2
1999-01-03;1999-01-01;1332;6940;7;5
1999-01-03;1998-12-28;1333;8476;7;3
1999-01-03;1999-01-01;1336;10227;15;3
1999-01-03;1998-12-28;1337;5143;17;4
1999-01-03;1999-01-01;1339;10091;17;2
1999-01-03;1998-12-30;1345;319;15;3
1999-01-03;1998-12-29;1347;364;7;3
1999-01-03;1998-12-31;1355;1085;7;3
1999-01-03;1998-12-30;1357;830;15;3
1999-01-03;1999-01-02;1362;3976;17;4
1999-01-03;1998-12-29;1364;7529;17;3
1999-01-03;1998-12-29;1364;7831;17;2
1999-01-03;1998-12-29;1364;7789;15;2
1999-01-03;1999-01-02;1370;7529;17;3
1999-01-03;1999-01-01;1371;7789;15;2
1999-01-03;1999-01-02;1378;7281;17;3
1999-01-03;1998-12-30;1380;612;22;1
1999-01-03;1998-12-31;1386;658;7;3
1999-01-03;1999-01-01;1389;8141;22;2
1999-01-03;1999-01-01;1392;9588;7;4
1999-01-03;1998-12-30;1393;4486;7;3
1999-01-03;1998-12-30;1393;3930;15;3
1999-01-03;1998-12-31;1396;9245;15;3
1999-01-03;1998-12-28;1397;2879;7;2
1999-01-03;1998-12-30;1401;8414;17;4
1999-01-03;1998-12-29;1409;6940;7;4
1999-01-03;1998-12-27;1410;3922;7;2
1999-01-03;1998-12-31;1411;1085;7;2
1999-01-03;1999-01-02;1412;4557;22;1
1999-01-03;1999-01-01;1420;3930;15;3
1999-01-03;1998-12-30;1421;6417;7;3
1999-01-03;1999-01-01;1423;3233;7;2
1999-01-03;1998-12-29;1427;9139;22;2
1999-01-03;1998-12-31;1430;5590;17;2
1999-01-03;1998-12-30;1439;6161;17;3
1999-01-03;1998-12-29;1440;3233;7;3
1999-01-03;1998-12-29;1441;4368;7;3
1999-01-03;1998-12-29;1441;8190;7;3
1999-01-03;1999-01-01;1442;8108;17;3
1999-01-03;1998-12-31;1445;3976;17;4
1999-01-03;1998-12-31;1445;4892;17;2
1999-01-03;1998-12-31;1445;4557;22;2
1999-01-03;1998-12-29;1449;10032;7;2
1999-01-03;1998-12-31;1450;8882;7;3
1999-01-03;1998-12-28;1451;6168;17;4
1999-01-03;1999-01-02;1454;4180;7;3
1999-01-03;1999-01-01;1462;6424;7;5
1999-01-03;1999-01-01;1462;6168;17;3
1999-01-03;1998-12-29;1464;5590;17;3
1999-01-03;1999-01-02;1472;8141;22;2
1999-01-03;1998-12-31;1474;4099;17;3
1999-01-03;1998-12-31;1478;1085;7;3
1999-01-03;1999-01-01;1480;3738;7;2
1999-01-03;1999-01-02;1486;8805;7;3
1999-01-03;1999-01-02;1486;2879;7;2
1999-01-03;1998-12-29;1488;5989;7;5
1999-01-03;1998-12-29;1488;8414;17;3
1999-01-03;1998-12-29;1488;9139;22;2
1999-01-03;1999-01-01;1492;2374;15;3
1999-01-03;1998-12-29;1495;6424;7;4
1999-01-03;1999-01-01;1508;6417;7;3
1999-01-03;1998-12-29;1511;3233;7;4
1999-01-03;1998-12-30;1520;7529;17;3
1999-01-03;1998-12-31;1524;7789;15;2
1999-01-03;1998-12-28;1530;757;15;2
1999-01-03;1998-12-31;1532;4364;17;3
1999-01-03;1998-12-27;1536;7920;17;3
1999-01-03;1998-12-31;1537;4368;7;3
1999-01-03;1998-12-30;1540;9187;17;3
1999-01-03;1998-12-30;1540;4099;17;2
1999-01-03;1998-12-31;1541;4005;15;3
1999-01-03;1998-12-27;1542;8108;17;2
1999-01-03;1998-12-27;1543;3738;7;2
1999-01-03;1999-01-01;1544;2112;17;3
1999-01-03;1999-01-01;1551;3902;15;3
1999-01-03;1998-12-27;1555;3902;15;2
1999-01-03;1998-12-28;1556;5972;15;4
1999-01-04;1999-01-03;10;9249;8;3
1999-01-04;1999-01-03;10;4871;8;3
1999-01-04;1999-01-03;10;7526;17;2
1999-01-04;1998-12-31;11;9752;17;2
1999-01-04;1999-01-03;18;4592;8;2
1999-01-04;1998-12-31;19;8275;16;4
1999-01-04;1999-01-02;20;2852;8;4
1999-01-04;1999-01-02;20;7448;8;3
1999-01-04;1998-12-30;23;6569;8;4
1999-01-04;1999-01-01;26;4118;17;3
1999-01-04;1998-12-29;27;7526;17;3
1999-01-04;1998-12-30;28;1310;16;2
1999-01-04;1998-12-31;30;9625;8;3
1999-01-04;1998-12-31;33;1352;17;3
1999-01-04;1998-12-28;35;9631;16;4
1999-01-04;1999-01-01;36;2852;8;3
1999-01-04;1999-01-03;40;8472;17;2
1999-01-04;1998-12-30;43;7282;17;5
1999-01-04;1998-12-31;49;7282;17;4
1999-01-04;1999-01-02;54;2143;17;3
1999-01-04;1999-01-03;59;4767;16;3
1999-01-04;1998-12-31;64;4021;16;4
1999-01-04;1999-01-01;65;9262;8;4
1999-01-04;1998-12-30;68;10015;17;3
1999-01-04;1999-01-01;72;5398;17;3
1999-01-04;1999-01-01;73;1334;17;4
1999-01-04;1999-01-01;73;2118;8;4
1999-01-04;1999-01-01;73;298;8;4
1999-01-04;1999-01-03;75;6960;17;3
1999-01-04;1999-01-02;81;2143;17;2
1999-01-04;1998-12-30;85;10262;17;4
1999-01-04;1998-12-29;89;1119;8;3
1999-01-04;1998-12-30;94;7812;8;3
1999-01-04;1998-12-31;96;8275;16;3
1999-01-04;1998-12-29;97;9555;17;4
1999-01-04;1998-12-29;97;1119;8;3
1999-01-04;1998-12-30;102;5559;8;2
1999-01-04;1999-01-03;103;1297;16;3
1999-01-04;1999-01-03;103;5962;17;3
1999-01-04;1999-01-02;108;8181;17;4
1999-01-04;1999-01-02;108;9631;16;4
1999-01-04;1999-01-01;111;8615;8;3
1999-01-04;1999-01-02;114;4670;17;4
1999-01-04;1999-01-02;119;3857;8;3
1999-01-04;1999-01-03;120;7221;8;4
1999-01-04;1998-12-30;124;10015;17;3
1999-01-04;1998-12-29;127;5174;16;3
1999-01-04;1998-12-29;127;7526;17;3
1999-01-04;1998-12-29;127;472;17;2
1999-01-04;1998-12-30;128;1310;16;3
1999-01-04;1998-12-31;133;9897;16;3
1999-01-04;1998-12-30;136;2852;8;3
1999-01-04;1998-12-29;139;5398;17;3
1999-01-04;1999-01-02;141;8239;8;4
1999-01-04;1998-12-31;147;4670;17;3
1999-01-04;1999-01-02;152;5295;16;3
1999-01-04;1998-12-31;153;1297;16;2
1999-01-04;1998-12-29;167;8670;8;3
1999-01-04;1998-12-29;167;5102;8;3
1999-01-04;1999-01-02;168;5481;8;3
1999-01-04;1998-12-31;169;6957;16;2
1999-01-04;1998-12-28;170;2966;17;4
1999-01-04;1998-12-28;170;8345;8;4
1999-01-04;1998-12-28;170;1850;16;3
1999-01-04;1998-12-31;173;5501;17;5
1999-01-04;1998-12-31;173;6632;8;2
1999-01-04;1999-01-01;174;5481;8;4
1999-01-04;1999-01-03;177;2019;16;4
1999-01-04;1999-01-03;177;2143;17;3
1999-01-04;1999-01-03;177;2448;16;2
1999-01-04;1999-01-01;178;5481;8;3
1999-01-04;1998-12-28;180;10208;8;4
1999-01-04;1999-01-02;183;2118;8;4
1999-01-04;1998-12-30;203;2475;8;5
1999-01-04;1998-12-30;203;1850;16;2
1999-01-04;1998-12-28;207;6632;8;3
1999-01-04;1998-12-29;211;9143;8;3
1999-01-04;1998-12-29;211;2019;16;2
1999-01-04;1998-12-28;214;4655;8;3
1999-01-04;1999-01-02;219;5256;17;3
1999-01-04;1998-12-31;223;6632;8;2
1999-01-04;1998-12-28;224;216;17;4
1999-01-04;1999-01-01;225;2118;8;3
1999-01-04;1998-12-30;228;5481;8;3
1999-01-04;1999-01-02;230;3571;8;3
1999-01-04;1999-01-02;230;4670;17;3
1999-01-04;1998-12-28;231;2998;8;4
1999-01-04;1998-12-28;231;9480;8;4
1999-01-04;1999-01-02;232;6912;16;5
1999-01-04;1998-12-31;242;7072;16;2
1999-01-04;1998-12-28;246;1334;17;4
1999-01-04;1998-12-29;252;6569;8;3
1999-01-04;1999-01-01;256;2118;8;4
1999-01-04;1999-01-03;258;5559;8;3
1999-01-04;1998-12-30;259;2475;8;4
1999-01-04;1998-12-31;260;2966;17;4
1999-01-04;1998-12-28;261;9752;17;3
1999-01-04;1999-01-03;275;2201;16;4
1999-01-04;1998-12-31;276;5398;17;3
1999-01-04;1998-12-28;279;7072;16;4
1999-01-04;1998-12-28;281;2553;16;4
1999-01-04;1999-01-02;294;1744;17;2
1999-01-04;1998-12-28;296;1119;8;3
1999-01-04;1999-01-02;303;5295;16;3
1999-01-04;1998-12-29;304;1744;17;4
1999-01-04;1999-01-03;305;6912;16;4
1999-01-04;1999-01-01;308;9262;8;4
1999-01-04;1999-01-01;308;5295;16;3
1999-01-04;1999-01-01;309;1334;17;4
1999-01-04;1999-01-03;310;5374;16;2
1999-01-04;1999-01-01;323;6632;8;2
1999-01-04;1998-12-29;326;2511;17;3
1999-01-04;1999-01-01;333;2966;17;3
1999-01-04;1998-12-30;334;5481;8;3
1999-01-04;1999-01-01;340;9625;8;3
1999-01-04;1999-01-01;340;8472;17;2
1999-01-04;1999-01-01;342;5844;17;2
1999-01-04;1998-12-31;344;5481;8;4
1999-01-04;1998-12-31;344;5481;8;3
1999-01-04;1998-12-31;345;8089;17;4
1999-01-04;1998-12-30;346;7526;17;3
1999-01-04;1998-12-28;348;9480;8;3
1999-01-04;1999-01-03;349;7221;8;4
1999-01-04;1998-12-31;350;6632;8;2
1999-01-04;1998-12-28;351;9631;16;4
1999-01-04;1999-01-01;352;8181;17;4
1999-01-04;1999-01-01;352;7072;16;3
1999-01-04;1999-01-02;362;4647;8;4
1999-01-04;1999-01-02;362;2201;16;2
1999-01-04;1998-12-28;364;6464;8;4
1999-01-04;1998-12-30;370;10208;8;3
1999-01-04;1998-12-31;373;8472;17;2
1999-01-04;1999-01-03;374;9555;17;3
1999-01-04;1998-12-28;376;1377;8;4
1999-01-04;1999-01-02;377;5102;8;3
1999-01-04;1998-12-28;385;5466;8;5
1999-01-04;1999-01-01;386;5295;16;4
1999-01-04;1998-12-31;390;8472;17;3
1999-01-04;1999-01-03;394;9366;17;3
1999-01-04;1999-01-03;398;4099;17;4
1999-01-04;1999-01-03;398;6957;16;4
1999-01-04;1999-01-03;398;5102;8;3
1999-01-04;1998-12-28;400;4564;17;4
1999-01-04;1998-12-29;405;4391;16;4
1999-01-04;1998-12-29;408;5466;8;3
1999-01-04;1998-12-28;425;5466;8;4
1999-01-04;1999-01-02;427;4592;8;3
1999-01-04;1999-01-02;427;4099;17;3
1999-01-04;1999-01-02;427;298;8;3
1999-01-04;1999-01-02;427;10208;8;2
1999-01-04;1998-12-28;430;1297;16;5
1999-01-04;1998-12-28;433;10008;8;4
1999-01-04;1998-12-31;434;10015;17;3
1999-01-04;1998-12-28;436;1419;8;2
1999-01-04;1999-01-03;442;2475;8;4
1999-01-04;1999-01-01;443;8670;8;2
1999-01-04;1999-01-02;446;1297;16;5
1999-01-04;1999-01-02;446;6162;17;3
1999-01-04;1999-01-02;446;10015;17;2
1999-01-04;1999-01-01;448;1119;8;2
1999-01-04;1998-12-28;449;472;17;4
1999-01-04;1998-12-28;449;2663;16;2
1999-01-04;1998-12-30;450;3753;8;2
1999-01-04;1998-12-28;451;10262;17;3
1999-01-04;1999-01-02;455;378;16;4
1999-01-04;1999-01-02;455;6569;8;3
1999-01-04;1999-01-02;457;4021;16;5
1999-01-04;1999-01-03;460;10262;17;2
1999-01-04;1998-12-28;470;8345;8;5
1999-01-04;1999-01-01;474;10262;17;3
1999-01-04;1998-12-30;475;2118;8;3
1999-01-04;1998-12-28;476;2143;17;4
1999-01-04;1998-12-30;480;498;8;4
1999-01-04;1998-12-30;483;298;8;3
1999-01-04;1998-12-29;486;7221;8;3
1999-01-04;1998-12-29;487;8345;8;4
1999-01-04;1998-12-29;487;6499;17;3
1999-01-04;1999-01-03;489;8472;17;3
1999-01-04;1999-01-03;491;6387;8;4
1999-01-04;1999-01-03;493;5174;16;4
1999-01-04;1999-01-03;493;2663;16;3
1999-01-04;1999-01-02;499;2118;8;3
1999-01-04;1999-01-01;500;3753;8;4
1999-01-04;1999-01-02;509;7221;8;2
1999-01-04;1998-12-29;510;2143;17;4
1999-01-04;1998-12-29;510;472;17;4
1999-01-04;1999-01-02;512;1119;8;4
1999-01-04;1998-12-28;513;9555;17;3
1999-01-04;1998-12-30;516;8472;17;3
1999-01-04;1999-01-02;517;10262;17;2
1999-01-04;1999-01-01;524;4021;16;4
1999-01-04;1999-01-02;526;498;8;4
1999-01-04;1999-01-01;528;8074;17;5
1999-01-04;1998-12-28;531;1119;8;3
1999-01-04;1999-01-01;532;2448;16;3
1999-01-04;1999-01-02;533;8670;8;4
1999-01-04;1999-01-03;535;6957;16;3
1999-01-04;1999-01-03;535;6347;17;2
1999-01-04;1999-01-02;537;7812;8;3
1999-01-04;1998-12-28;540;9450;8;3
1999-01-04;1998-12-28;540;663;16;2
1999-01-04;1998-12-30;541;9262;8;3
1999-01-04;1998-12-31;548;6912;16;3
1999-01-04;1999-01-03;552;7221;8;2
1999-01-04;1999-01-02;556;4973;17;3
1999-01-04;1999-01-03;557;8345;8;3
1999-01-04;1998-12-31;558;6957;16;3
1999-01-04;1998-12-29;559;5174;16;2
1999-01-04;1999-01-01;562;7526;17;3
1999-01-04;1998-12-28;567;6690;17;2
1999-01-04;1998-12-28;574;9450;8;2
1999-01-04;1999-01-03;576;2966;17;5
1999-01-04;1999-01-03;577;5481;8;4
1999-01-04;1998-12-31;580;4655;8;4
1999-01-04;1998-12-28;581;9480;8;5
1999-01-04;1998-12-28;581;1720;16;2
1999-01-04;1998-12-30;585;8181;17;3
1999-01-04;1998-12-29;592;1119;8;3
1999-01-04;1998-12-30;593;298;8;2
1999-01-04;1998-12-29;600;8670;8;3
1999-01-04;1999-01-02;601;8074;17;2
1999-01-04;1999-01-03;602;9534;17;3
1999-01-04;1999-01-03;602;6957;16;3
1999-01-04;1998-12-28;603;4655;8;4
1999-01-04;1998-12-29;610;5590;17;3
1999-01-04;1999-01-02;613;10015;17;2
1999-01-04;1999-01-02;615;4391;16;4
1999-01-04;1999-01-01;616;472;17;3
1999-01-04;1999-01-01;616;5501;17;3
1999-01-04;1999-01-02;617;6690;17;3
1999-01-04;1999-01-02;617;8239;8;2
1999-01-04;1999-01-01;618;4767;16;5
1999-01-04;1998-12-31;620;6464;8;3
1999-01-04;1998-12-30;621;1352;17;3
1999-01-04;1999-01-01;626;10008;8;3
1999-01-04;1999-01-01;626;472;17;2
1999-01-04;1998-12-30;636;498;8;4
1999-01-04;1998-12-31;643;511;16;3
1999-01-04;1998-12-29;647;6387;8;3
1999-01-04;1999-01-03;656;5295;16;4
1999-01-04;1998-12-30;657;4871;8;3
1999-01-04;1998-12-30;657;9450;8;2
1999-01-04;1999-01-03;661;4021;16;4
1999-01-04;1999-01-03;661;8089;17;4
1999-01-04;1998-12-28;665;1310;16;4
1999-01-04;1998-12-28;665;2511;17;3
1999-01-04;1998-12-30;670;10262;17;2
1999-01-04;1999-01-02;672;10208;8;3
1999-01-04;1999-01-02;672;6569;8;3
1999-01-04;1999-01-02;672;5174;16;2
1999-01-04;1999-01-01;675;6960;17;4
1999-01-04;1999-01-03;676;298;8;4
1999-01-04;1998-12-30;677;5102;8;3
1999-01-04;1998-12-29;678;8308;17;3
1999-01-04;1998-12-29;691;8308;17;4
1999-01-04;1999-01-03;692;5398;17;4
1999-01-04;1999-01-03;696;1050;8;3
1999-01-04;1998-12-31;701;8308;17;3
1999-01-04;1999-01-01;702;4118;17;3
1999-01-04;1999-01-01;707;10208;8;2
1999-01-04;1999-01-02;717;6690;17;3
1999-01-04;1999-01-03;718;4767;16;3
1999-01-04;1999-01-03;719;1297;16;4
1999-01-04;1999-01-03;719;1419;8;4
1999-01-04;1998-12-30;727;10262;17;4
1999-01-04;1998-12-28;734;10262;17;4
1999-01-04;1998-12-31;735;2998;8;3
1999-01-04;1999-01-03;738;6957;16;3
1999-01-04;1998-12-29;750;6162;17;3
1999-01-04;1998-12-28;751;8308;17;4
1999-01-04;1998-12-29;754;216;17;2
1999-01-04;1999-01-03;756;1352;17;3
1999-01-04;1999-01-03;756;9534;17;3
1999-01-04;1998-12-31;763;10208;8;4
1999-01-04;1998-12-28;764;9262;8;4
1999-01-04;1998-12-30;767;1004;17;4
1999-01-04;1999-01-03;769;7221;8;3
1999-01-04;1998-12-28;773;1004;17;4
1999-01-04;1999-01-01;776;3753;8;4
1999-01-04;1999-01-01;776;2663;16;3
1999-01-04;1998-12-30;783;6464;8;3
1999-01-04;1998-12-31;784;2553;16;4
1999-01-04;1998-12-30;786;10250;17;4
1999-01-04;1999-01-02;793;3753;8;4
1999-01-04;1999-01-03;794;4871;8;3
1999-01-04;1999-01-03;797;9366;17;3
1999-01-04;1998-12-29;799;1352;17;3
1999-01-04;1999-01-01;802;7448;8;4
1999-01-04;1998-12-28;804;216;17;3
1999-01-04;1999-01-03;805;8345;8;2